Gender,R1,R2,Rhythm,CTest1,CTest2,Penalty1,Penalty2,CoorScore,VJump1,VJump2,VJumpScore,30m,30mScore,Result
1,5,5,10,34.46,28.15,2,0,45,41.38,40.39,10,4.09,15,P
0,5,5,10,31.82,31.34,0,0,45,23.84,21.62,10,5.12,15,P
0,5,5,10,34.35,30.71,3,0,45,27.77,29.43,10,4.89,15,P
0,5,5,10,34.12,32.32,0,0,45,43.4,33.79,10,4.62,15,P
0,4,6,10,34.63,30.87,0,0,45,31.14,37.49,10,4.51,15,P
1,3,4,7,30.92,28.22,0,0,45,36.54,36.54,8.27,4.4,15,P
0,7,8,15,26.02,27.14,0,0,45,44.42,33.79,7.91,4.22,13.62,P
1,8,7,15,25.54,24.39,1,0,45,42.38,46.51,6.46,4.01,11.93,P
1,8,6,14,26.76,23.69,2,0,45,47.58,43.4,6.37,4,11.71,P
1,7,7,14,27.43,27.38,0,0,45,31.14,33.79,6.05,4.22,15,P
0,8,5,13,28.8,27.59,0,0,45,29.43,28.6,2.57,4.49,12.37,P
1,7,7,14,27.01,26.7,0,0,45,37.49,37.49,2.24,4.14,11.25,F
1,3,5,8,30.13,27,0,0,45,35.61,34.69,1.81,4.04,10.41,F
1,8,7,15,24.43,24.6,0,0,44.87,41.38,35.61,4.83,3.87,13.66,P
0,7,8,15,27.12,26.27,0,0,44.18,37.49,26.96,5.64,4.29,12.77,P
1,3,4,7,28.03,27.12,0,0,44.07,39.41,39.41,3.71,3.95,11.66,F
0,8,7,15,28,27.91,0,0,44.01,38.44,35.61,5.55,4.73,9.32,P
1,4,2,6,31.05,27.14,0,0,43.91,51.95,49.74,10,3.69,15,P
1,4,6,10,26.96,27.41,0,1,43.8,29.43,39.41,3.02,4.32,7.77,F
0,8,6,14,27.98,31.8,0,2,43.76,32.89,32.89,3.72,4.46,12.75,P
0,8,5,13,28.15,28.69,0,0,43.25,32.01,32.89,3.72,4.67,10.11,P
1,8,2,10,28.15,28.43,0,0,43.23,41.38,40.39,6.51,4.33,14.38,P
1,2,2,4,27.23,27.67,0,0,43.21,45.46,42.38,6.75,4.04,10.41,P
0,7,8,15,26.67,26.72,0,0,42.91,35.61,38.44,5.95,4.23,13.42,P
1,3,3,6,-2,29.63,0,1,42.24,34.69,40.39,10,4.72,11.33,P
1,8,5,13,29.97,28.77,1,0,42.17,45.46,39.41,0,4.26,14.26,F
1,7,7,14,30.5,28.77,0,0,42.16,36.54,33.79,4.62,4.52,9.07,P
0,6,3,9,32.67,28.5,0,0,42.12,33.79,32.89,4.01,4.28,15,P
1,8,7,15,26.83,25.38,2,1,41.18,49.74,47.58,7.48,3.93,12.88,P
1,6,5,11,27.62,29.56,0,0,40.71,42.38,41.38,4.23,4.74,0,F
1,7,6,13,27,25.57,1,0,40.45,38.44,38.44,3.89,4.12,10.56,P
1,4,4,8,27.73,29.57,0,2,40.18,37.49,39.41,3.02,4.14,11.21,P
1,7,8,15,27.81,27.76,0,0,40.04,35.61,39.41,3.02,4.33,7.45,P
1,5,5,10,25.71,25.89,0,0,39.9,33.79,35.61,3,3.92,13.06,P
0,7,6,13,29.27,30.58,0,0,39.67,33.79,39.41,5.86,4.4,13.57,P
1,7,6,13,27.85,28.82,0,0,39.65,37.49,41.38,3.82,3.95,15,P
1,8,7,15,26.79,25.82,1,0,39.46,43.4,43.4,5.47,4.32,8.26,P
0,7,8,15,28.36,27.78,0,0,39.36,26.16,36.54,5.33,4.56,9.39,P
0,8,6,14,31.85,29.38,0,0,39.33,44.42,46.51,8.21,4.33,14.39,P
0,7,4,11,29.85,29.39,1,1,39.3,32.01,30.28,3.42,4.56,11.53,P
1,8,7,15,28.31,25.91,1,0,39.14,49.74,55.36,9.26,4.2,9.62,P
0,8,6,14,30.92,29.44,0,0,39.14,27.77,23.84,2.03,4.61,10.85,P
1,6,4,10,25.92,26.34,0,0,39.1,38.44,36.54,3.89,4.38,7.51,P
1,8,7,15,26.4,25.92,1,0,39.09,41.38,42.38,5.14,3.93,12.89,P
0,7,8,15,27.92,28.27,0,0,38.92,32.89,24.6,4.14,4.38,11.57,P
0,7,7,14,30.3,29.51,0,0,38.92,30.28,32.01,3.42,4.54,11.76,P
0,7,7,14,29.55,29.61,0,0,38.78,31.14,28.6,3.14,4.45,12.95,P
1,4,5,9,27.25,26.05,1,0,38.59,51.95,49.74,8.18,3.92,13.07,P
1,7,8,15,31.05,28.18,0,0,38.08,36.54,49.74,7.24,4.16,10.91,P
1,8,7,15,26.53,26.21,0,0,37.98,37.49,39.41,4.2,4.09,10.96,P
1,7,4,11,26.4,25.4,0,0,37.82,37.49,47.58,6.37,3.8,14.57,P
0,8,4,12,29.87,33.47,0,3,37.78,23.84,26.16,1.5,4.7,9.72,F
0,7,8,15,31.69,28.29,0,0,37.72,28.6,32.89,4.14,4.49,10.2,P
0,8,7,15,29.91,34.31,1,4,37.64,25.38,26.16,1.5,4.74,9.28,F
1,4,4,8,33.47,26.3,3,0,37.61,42.38,41.38,5.14,4.32,8.26,P
1,6,4,10,27.12,25.45,0,0,37.6,30.28,26.16,0.81,4.16,9.33,F
0,7,7,14,32.12,28.34,0,0,37.55,36.54,50.84,10,4.11,15,P
0,7,7,14,32.95,28.4,1,0,37.35,32.89,29.43,4.14,4.77,6.78,P
0,7,7,14,31.98,28.42,0,0,37.3,18.17,20.91,0.23,4.57,9.18,F
0,6,8,14,28.66,28.42,0,0,37.29,26.96,33.79,4.43,4.57,9.2,P
1,6,8,14,26.64,25.53,0,0,37.27,35.61,40.39,4.06,4.14,9.55,P
1,8,7,15,29.06,26.41,0,0,37.19,44.42,44.42,5.79,3.95,12.69,P
1,4,7,11,28.22,26.41,1,0,37.18,34.69,34.69,2.71,4.46,6.53,P
0,7,7,14,28.47,29.61,0,1,37.15,30.28,32.89,4.14,4.6,8.8,P
0,5,4,9,31.37,30.1,1,0,37.05,36.54,34.69,4.92,4.57,11.34,P
0,7,8,15,28.96,28.56,0,0,36.85,26.16,30.28,3.29,4.37,11.78,P
1,4,5,9,30.66,26.53,4,0,36.72,39.41,40.39,4.51,4,12.07,P
1,7,7,14,28.86,26.59,2,0,36.49,43.4,45.46,6.12,4.04,11.52,P
1,8,6,14,26.64,26.84,0,0,36.3,29.43,38.44,3.89,4.04,11.53,P
1,3,3,6,27.42,26.76,0,0,35.82,44.42,40.39,5.79,4.09,10.94,P
1,5,7,12,26.81,30.13,1,2,35.66,41.38,43.4,5.47,4.11,10.77,P
1,7,7,14,28.04,26.81,1,0,35.63,31.14,37.49,3.59,4.11,10.77,P
1,4,5,9,28.21,28.24,0,0,35.6,44.42,17.52,6.23,4.06,10.18,P
1,7,8,15,26.17,25.94,0,0,35.55,39.41,46.51,6.03,4.04,11,P
1,2,2,4,-2,33.07,0,2,35.5,40.39,30.28,10,4.46,14.31,P
0,8,7,15,30.74,30.6,0,0,35.46,31.14,29.43,3.14,4.69,9.92,P
1,5,5,10,27.65,25.99,1,0,35.38,44.42,45.46,5.69,3.93,12.66,P
0,8,7,15,34.23,30.64,3,0,35.33,23.84,30.28,2.85,4.3,14.77,P
0,3,4,7,31.15,29.11,1,0,35.09,39.41,36.54,6.27,4.69,7.79,P
1,8,6,14,27.54,26.96,0,0,35.06,38.44,45.46,6.12,3.93,12.93,P
0,7,7,14,30.77,31.4,1,0,34.92,44.42,39.41,7.52,4.35,14.2,P
1,5,7,12,27.01,28.74,0,2,34.87,37.49,41.38,4.83,3.96,12.49,P
1,5,4,9,26.11,26.64,0,0,34.85,42.38,36.54,4.7,3.85,13.87,P
0,7,8,15,29.41,29.19,0,0,34.83,27.77,26.16,2.47,4.51,10,P
1,8,7,15,29.96,27.04,3,0,34.76,32.01,29.43,1.85,4.4,7.3,F
0,5,5,10,37.23,29.22,1,0,34.73,31.14,33.79,4.43,4.47,10.44,P
1,7,8,15,26.16,26.65,0,0,34.64,40.39,43.4,5.02,4.04,11,P
1,8,4,12,32.97,32.48,0,0,34.61,29.43,32.01,6.97,4.79,3.95,P
0,6,6,12,34.44,29.29,1,0,34.52,29.43,39.41,6.27,4.43,11.01,P
1,3,7,10,27.74,26.19,0,0,34.51,32.89,36.54,2.82,4.19,8.81,P
1,7,8,15,26.2,26.42,0,0,34.46,40.39,37.49,4.06,4.12,9.81,P
1,6,4,10,30.63,28.97,0,0,34.39,33.79,43.4,4.65,4.01,13.8,P
0,7,7,14,30.94,32.05,0,0,34.39,31.14,28.6,3.14,4.61,10.92,P
1,5,5,10,29.16,27.14,0,0,34.38,39.41,47.58,6.79,4.16,10.19,P
1,5,5,10,27.36,26.26,0,0,34.24,27.77,35.61,2.52,4.15,9.35,P
1,7,7,14,28.1,27.19,0,0,34.19,43.4,43.4,5.47,4.32,8.26,P
1,5,5,10,28.31,27.2,0,0,34.13,38.44,41.38,4.83,4.24,9.21,P
0,7,8,15,31.27,29.42,2,0,34.11,21.62,30.28,3.29,5.01,3.8,P
0,7,7,14,31.03,31.03,0,0,34.08,39.41,36.54,5.86,4.67,10.14,P
1,7,8,15,28.27,26.3,0,0,34.04,46.51,45.46,6.03,4.43,5.25,P
0,7,4,11,31.85,31.08,0,0,33.93,28.6,32.89,3.72,4.62,10.76,F
1,4,7,11,28.14,27.28,1,0,33.82,57.69,57.69,10,4.03,11.74,P
1,4,6,10,28.7,27.28,1,0,33.81,37.49,38.44,3.89,4.44,6.75,F
0,7,8,15,30.18,29.54,0,0,33.7,32.01,32.01,3.85,4.46,10.59,F
1,6,5,11,31.66,27.31,1,0,33.69,44.42,44.42,5.79,4.62,4.59,F
1,4,6,10,26.4,26.99,0,0,33.66,39.41,33.79,3.74,3.93,12.71,F
0,7,7,14,29.56,29.86,0,0,33.65,33.79,32.01,4.43,4.38,11.57,F
0,5,8,13,29.58,32.92,0,1,33.6,28.6,28.6,2.74,4.72,7.39,F
0,7,8,15,32.64,29.58,1,0,33.59,46.51,41.38,8.59,4.14,14.59,P
1,5,4,9,27.65,27.36,0,0,33.5,34.69,39.41,4.2,4.21,9.58,F
1,4,3,7,34.15,34.87,0,0,33.39,29.43,33.79,7.03,4.57,13,F
1,7,8,15,27.05,26.46,0,0,33.38,39.41,55.36,8.87,3.83,14.11,P
0,7,7,14,37.42,29.67,0,0,33.29,26.96,21.62,2.21,4.85,5.79,F
0,5,4,9,31.32,32.68,0,1,33.18,32.01,29.43,3.42,4.7,9.72,F
1,5,4,9,27.46,27.78,0,1,33.14,27.77,31.14,1.58,4.37,7.66,F
1,8,6,14,27.46,28.07,0,0,33.13,36.54,33.79,3.29,4.12,10.56,F
1,7,7,14,27.47,27.98,0,0,33.07,40.39,44.42,5.79,4.28,8.65,P
0,3,6,9,34.28,31.36,0,0,33.06,30.28,27.77,2.85,4.99,6.07,F
1,8,7,15,27.5,27.72,1,1,32.99,42.38,34.69,5.14,3.96,12.49,F
1,5,4,9,27.98,26.58,0,0,32.89,39.41,39.41,3.74,4.01,11.44,F
1,5,5,10,29.31,27.53,2,1,32.87,43.4,43.4,5.47,3.84,13.99,F
1,7,8,15,27.74,26.59,0,0,32.84,18.84,40.39,4.06,3.87,13.57,F
1,7,8,15,26.61,27.12,0,0,32.77,32.89,32.01,1.65,4.03,11.22,F
0,7,7,14,31.47,32.42,0,1,32.71,29.43,26.96,2.57,4.78,8.71,F
1,5,7,12,29.11,27.57,2,0,32.69,46.51,42.38,6.46,4.04,11.53,P
1,6,4,10,31.87,26.64,1,0,32.64,43.4,40.39,5.02,4.06,10.76,F
1,3,7,10,30.85,27.6,1,0,32.57,39.41,39.41,4.2,4.34,8.02,F
1,7,5,12,28.98,27.61,3,2,32.53,40.39,39.41,4.51,3.9,13.26,F
1,7,8,15,28.53,26.69,0,0,32.43,29.43,33.79,1.93,4.15,9.46,F
1,6,4,10,30.62,27.67,1,0,32.33,38.44,41.38,4.83,4.55,5.52,F
1,7,3,10,43.98,27.67,0,0,32.32,38.44,35.61,3.89,3.9,13.26,F
1,5,2,7,27.84,27.68,0,0,32.28,39.41,38.44,4.2,4.52,5.77,F
0,8,7,15,31.61,32.24,0,0,32.24,34.69,32.89,4.31,5.02,5.67,F
0,7,5,12,32.05,30.01,0,0,32.22,37.49,39.41,6.27,4.62,8.62,P
1,6,4,10,28.82,26.77,0,0,32.1,32.01,31.14,1.36,4.22,8.38,F
1,8,7,15,30.04,27.75,1,0,32,36.54,40.39,4.51,4.06,11.34,F
0,7,6,13,32.82,31.69,1,0,31.99,28.6,30.28,2.85,4.81,8.3,F
1,6,8,14,29.31,26.8,1,0,31.96,35.61,38.44,3.43,4.11,10.03,F
0,4,7,11,32.02,31.71,1,1,31.93,40.39,44.42,7.52,4.35,14.18,P
0,6,8,14,30.1,30.18,0,0,31.91,27.77,26.96,2.47,4.5,10.11,F
1,8,3,11,33.59,27.78,0,0,31.9,34.69,38.44,3.89,3.96,12.52,F
1,3,7,10,27.92,27.83,0,0,31.71,41.38,36.58,4.83,4.68,3.86,F
1,7,2,9,27.79,26.86,0,0,31.71,30.28,24.6,0.81,4.12,9.81,F
0,7,7,14,32.7,30.17,0,1,31.68,32.89,32.01,4.14,4.66,8.15,F
1,3,5,8,27.26,26.87,0,0,31.68,34.69,40.39,4.06,4.06,10.76,F
1,4,4,8,30.16,29.55,0,1,31.66,37.49,33.79,2.24,3.96,14.71,F
1,7,4,11,30.68,26.88,0,0,31.63,35.61,32.01,2.52,4.25,7.9,F
1,4,4,8,28.56,27.85,0,0,31.62,39.41,38.44,4.2,4.37,7.58,F
1,4,3,7,31.46,26.9,0,0,31.56,31.14,42.38,4.7,4.43,5.24,F
0,7,8,15,31.33,30.22,1,0,31.54,44.42,36.54,7.9,4.32,12.39,F
1,6,6,12,26.93,28.12,0,0,31.42,42.38,36.54,4.7,3.9,13.14,F
1,5,4,9,27.49,26.93,0,0,31.42,36.54,32.01,2.82,4.49,4.32,F
1,2,3,5,27.91,28.9,0,0,31.4,33.79,34.69,2.71,4.32,8.26,F
0,4,5,9,31.94,30.29,1,0,31.32,26.16,24.6,1.95,4.67,8,F
1,8,7,15,30.42,27.95,0,0,31.25,42.38,41.38,5.14,4.25,9.04,P
1,4,4,8,28.72,27.95,2,1,31.24,33.79,32.01,2.42,4.3,8.47,F
1,6,4,10,27.96,28.19,0,0,31.21,34.69,34.69,2.71,4.51,5.96,F
1,5,4,9,28.35,26.99,1,0,31.15,44.42,26.96,5.35,4.17,9.09,F
1,4,5,9,27.97,30.53,0,2,31.15,41.38,40.39,4.83,4.28,8.65,F
0,8,3,11,35.84,31.96,1,0,31.15,18.17,23.09,0.48,5.23,3.02,F
0,6,6,12,31.1,30.35,0,0,31.13,32.01,30.28,3.85,4.83,5.95,F
0,7,6,13,34.17,30.38,1,0,31.03,30.28,33.79,4.43,4.62,8.6,F
1,6,6,12,27.61,27.03,1,0,31.01,31.14,26.16,1.08,4.12,9.79,F
0,7,7,14,31.36,30.39,0,0,30.98,28.6,33.79,4.43,4.27,12.99,F
1,4,3,7,31,28.07,0,0,30.77,37.49,32.01,3.59,4.25,9.03,F
1,2,5,7,30.05,27.09,1,0,30.75,42.38,30.28,4.7,4.28,7.43,F
1,2,4,6,27.43,27.09,0,0,30.75,27.77,34.69,2.23,4.24,8.11,F
1,7,8,15,27.96,27.09,0,0,30.74,40.39,30.28,4.06,4.35,6.47,F
1,2,5,7,27.1,28.19,0,2,30.69,44.42,43.4,5.35,3.9,13.11,P
1,4,4,8,31.94,27.1,1,0,30.68,36.54,39.41,3.74,4.09,10.3,F
1,8,7,15,28.39,28.1,0,0,30.65,40.39,34.69,4.51,4.27,8.84,F
0,8,7,15,34,32.13,2,1,30.61,26.96,26.96,1.76,4.94,6.68,F
1,7,5,12,29.19,28.11,1,0,30.6,45.46,40.39,6.12,4.41,7.11,P
0,4,4,8,31.85,30.52,0,0,30.57,20.21,29.43,3.01,4.57,9.19,F
1,5,6,11,28.07,27.14,0,0,30.55,32.89,40.39,4.06,4.11,10.03,F
1,4,4,8,29.48,27.14,1,0,30.54,20.91,27.77,0,4.45,5.01,F
1,6,3,9,30.94,27.14,0,0,30.53,45.46,44.42,5.69,4.25,7.89,P
0,5,4,9,-2,30.54,0,0,30.52,26.16,38.44,5.95,4.67,7.98,P
0,7,8,15,33.16,30.55,1,0,30.48,23.84,24.6,1.44,4.69,7.77,F
1,4,6,10,32.1,27.15,1,0,30.47,38.44,46.51,6.03,4.25,7.89,P
1,6,5,11,32.64,28.18,1,0,30.34,41.38,39.41,4.83,4.12,10.56,F
1,4,6,10,29.16,28.23,0,0,30.16,32.89,36.54,3.29,4.03,11.74,P
1,8,6,14,28.23,28.24,0,0,30.15,37.49,43.4,5.47,4.12,10.59,F
1,5,5,10,27.24,28.77,0,0,30.13,46.51,29.43,6.03,4.14,9.57,F
1,7,7,14,34.75,28.24,2,0,30.12,39.41,39.41,4.2,4.72,3.45,F
1,7,8,15,27.27,27.36,0,0,30.01,28.6,33.79,1.93,4.32,6.89,F
1,7,8,15,27.91,27.27,2,0,29.97,41.38,37.49,4.38,4.16,9.3,F
1,7,8,15,28.07,27.28,0,0,29.94,46.51,47.58,6.37,4.22,8.36,F
1,7,8,15,28.92,27.28,0,0,29.93,40.39,42.38,4.7,4.11,10.04,F
0,5,4,9,35.49,32.35,0,0,29.92,32.01,32.89,3.72,4.62,10.71,F
1,8,7,15,28.87,28.29,1,0,29.9,49.74,51.95,8.18,3.75,15,P
1,6,4,10,28.01,27.3,0,0,29.85,28.6,26.16,0.26,4.41,5.51,F
0,5,8,13,32.34,30.75,1,0,29.83,28.6,13.84,2.74,4.69,7.79,F
1,4,6,10,27.31,27.63,0,0,29.82,40.39,29.43,4.06,4.01,11.46,P
0,3,8,11,31.47,30.76,0,0,29.8,32.01,32.01,3.85,4.72,7.38,F
1,4,5,9,27.33,27.69,0,1,29.74,38.44,41.38,4.38,4.35,6.37,F
0,7,6,13,32.06,30.79,0,0,29.71,33.79,33.79,4.43,4.57,9.18,F
1,5,3,8,28.66,28.35,0,1,29.68,32.01,31.14,1.85,4.48,6.34,F
1,8,6,14,29.11,28.98,0,0,29.61,38.44,44.42,6.23,4.01,10.83,P
1,7,2,9,29.19,28.37,1,0,29.61,33.79,34.69,2.71,4.57,5.17,F
1,7,8,15,30.31,27.36,3,0,29.6,39.41,37.49,3.74,4.65,1.9,F
1,6,5,11,30.13,28.38,1,0,29.58,37.49,36.54,3.59,4.57,5.17,F
1,7,8,15,28.3,27.39,1,0,29.48,46.51,40.39,6.03,4.27,7.65,F
1,8,6,14,31.21,28.4,2,0,29.48,37.49,39.41,4.2,3.98,12.3,F
0,7,7,14,32.56,30.89,1,0,29.39,31.14,32.89,4.14,4.44,10.81,F
0,4,5,9,36.82,30.89,1,0,29.39,18.84,18.17,0,4.53,9.75,F
1,5,5,10,36.71,36.23,0,0,29.31,22.35,20.91,1.88,4.97,8.35,F
1,4,5,9,29.78,27.44,0,0,29.28,34.69,26.16,2.23,4.19,8.84,F
1,3,4,7,30.64,27.45,1,1,29.25,30.28,30.28,0.81,4.4,5.74,F
1,5,5,10,31.3,30.06,1,1,29.24,29.43,32.01,0,4.52,3.68,F
1,5,5,10,28.47,32.42,0,1,29.23,34.69,36.54,3.29,4.13,10.55,F
1,8,3,11,29.44,29.03,0,0,29.22,50.84,45.44,9.44,4.08,10,F
1,4,7,11,29,28.49,1,0,29.15,28.6,30.28,1.31,4.27,8.82,F
0,7,7,14,32.41,30.97,0,0,29.12,23.84,17.52,1.19,4.9,5.17,F
1,7,5,12,29.47,28.5,1,0,29.09,33.79,36.54,3.29,4.48,6.33,F
1,7,8,15,27.49,28.04,0,1,29.07,58.87,58.87,10,3.88,13.36,F
1,4,5,9,28.64,27.49,0,0,29.06,40.39,42.38,4.7,4.03,11.24,F
0,5,4,9,33.96,32.62,0,0,29.05,32.01,36.54,4.92,4.81,8.31,F
1,7,5,12,28.79,27.51,0,0,29,47.58,48.65,6.71,3.88,13.39,P
1,5,3,8,28.55,28.71,0,1,28.92,36.54,37.49,3.59,4.46,6.53,F
0,8,7,15,32.67,35.18,2,4,28.9,26.16,24.6,1.5,5.2,3.46,F
1,3,4,7,28.56,29.15,0,1,28.86,39.41,39.41,4.2,4.69,3.82,F
1,6,3,9,28.97,28.57,2,1,28.84,34.69,35.61,3,4.12,10.56,F
1,6,4,10,28.61,29.87,0,1,28.67,35.61,33.79,3,4.57,5.22,F
1,5,3,8,32.7,28.65,0,0,28.54,35.61,35.61,3,4.06,11.34,F
1,6,3,9,29.58,28.65,2,1,28.53,32.89,33.79,2.42,4.3,8.45,F
0,6,4,10,31.17,34.02,1,0,28.49,34.69,35.61,5.03,4.28,12.81,P
1,7,7,14,30.99,27.63,0,0,28.49,30.28,39.41,3.74,4.6,2.65,F
1,6,2,8,28.66,32.34,1,4,28.48,33.79,34.69,2.71,4.43,6.93,F
0,7,3,10,32.05,31.19,1,0,28.42,22.35,26.96,2.21,4.61,8.77,F
1,6,4,10,31.13,28.73,0,0,28.23,30.28,33.79,2.42,4.58,5.11,F
1,8,7,15,31.25,28.74,0,0,28.17,37.49,41.38,4.83,4.35,7.89,F
0,4,4,8,36.7,31.28,2,1,28.14,23.84,15.02,1.19,4.72,7.39,F
1,7,6,13,27.95,27.71,0,0,28.13,38.44,46.51,6.03,3.93,12.68,F
1,4,4,8,29.37,27.73,1,0,28.07,21.62,27.77,0,4.35,6.47,F
0,7,5,12,32.62,31.31,0,0,28.05,31.14,32.01,3.85,4.57,9.2,F
1,7,7,14,33.01,27.73,0,0,28.05,27.77,38.44,3.43,4.38,5.97,F
1,5,4,9,29.02,27.75,2,0,27.99,39.41,43.4,5.02,4.09,10.25,F
1,5,5,10,29.88,28.8,1,1,27.93,37.49,36.54,3.59,4.09,10.98,F
1,5,4,9,29.2,31.01,0,0,27.9,34.69,35.61,1.81,4.16,8.93,F
0,5,6,11,35.91,32.99,0,0,27.86,32.01,32.01,3.42,4.97,6.28,F
1,7,7,14,30.06,27.78,0,0,27.85,40.39,48.65,6.71,4.09,10.28,F
1,6,8,14,36.09,27.8,0,0,27.79,32.89,24.6,1.65,4.14,9.57,F
1,4,5,9,32.98,27.8,1,0,27.78,43.4,41.38,5.02,4.09,10.28,F
1,3,4,7,28.82,27.81,0,0,27.73,47.58,41.38,6.37,3.93,12.65,F
1,5,5,10,29.4,27.81,0,0,27.71,37.49,42.38,4.7,4.31,6.96,F
1,6,4,10,28.18,27.81,0,0,27.71,37.49,32.89,3.12,3.77,15,F
1,5,5,10,29.49,27.82,0,0,27.68,43.4,35.61,5.02,4.06,10.76,F
1,6,7,13,28.87,30.07,0,0,27.68,32.01,34.69,2.7,4.4,7.31,F
1,6,2,8,34.56,28.87,0,0,27.67,34.69,30.28,2.71,4.16,10.18,F
1,1,7,8,29.36,28.89,0,1,27.58,37.49,38.44,3.89,4.2,9.6,F
0,5,6,11,32.09,31.47,0,1,27.52,27.77,35.61,5.03,4.2,13.79,F
1,3,7,10,27.87,35.34,0,0,27.46,36.54,32.01,2.82,4.21,8.53,F
1,7,8,15,27.88,28.18,0,0,27.45,37.49,31.14,3.12,4.54,3.59,F
0,6,8,14,32.51,31.5,0,0,27.43,24.6,23.09,1.44,4.91,4.96,F
0,5,5,10,32.55,31.52,1,0,27.38,23.84,35.61,5.03,4.55,9.53,F
0,4,5,9,40.99,31.52,2,0,27.37,36.54,33.79,5.33,4.77,6.8,F
1,7,7,14,30.58,28.95,1,0,27.37,31.14,31.14,1.58,4.57,5.19,F
1,6,6,12,33.17,27.9,2,0,27.34,31.14,38.44,3.43,4.2,8.6,F
1,5,5,10,31.6,27.91,0,0,27.32,50.84,48.65,7.42,3.9,13.07,F
1,6,4,10,29.96,27.92,0,0,27.26,41.38,36.54,4.38,4.22,8.36,F
1,6,4,10,29.16,27.94,1,0,27.19,35.61,36.54,2.82,4.17,9.08,F
1,4,5,9,31.48,27.94,1,0,27.19,26.96,34.69,2.23,4.06,10.76,F
1,7,5,12,35.9,27.94,1,0,27.18,32.89,40.39,4.06,3.92,12.9,F
1,6,4,10,31.13,27.94,0,0,27.18,38.44,21.62,3.43,4.08,10.52,F
0,7,8,15,31.85,31.63,0,0,27.02,34.69,32.89,4.73,4.85,5.79,F
1,7,4,11,32.11,27.99,0,0,26.98,34.69,28.6,2.23,4.53,3.82,F
1,5,4,9,29.08,30.72,0,1,26.87,33.79,31.14,2.42,4.51,5.95,F
1,7,6,13,30.04,29.08,0,0,26.86,37.49,42.38,5.14,4.11,10.74,F
0,7,7,14,37.72,31.68,2,1,26.85,26.16,27.77,2.47,4.83,5.99,F
1,5,5,10,31.51,28.02,0,0,26.84,30.28,33.79,1.93,4.57,3.11,F
1,7,3,10,28.02,28.16,0,0,26.83,23.84,42.38,4.7,4.16,9.32,F
1,2,6,8,29.38,29.09,0,0,26.82,45.46,45.46,6.12,4.06,11.31,F
1,3,3,6,28.03,28.06,0,0,26.78,39.41,37.49,3.74,3.89,13.33,F
1,7,3,10,29.34,28.03,0,0,26.78,27.77,16.24,0,4.38,6,F
1,7,5,12,28.84,28.07,0,0,26.64,44.42,32.01,5.35,3.93,12.66,F
1,6,7,13,28.56,28.07,0,0,26.63,36.54,41.38,4.38,4.01,11.47,F
1,4,4,8,28.84,28.07,1,1,26.62,23.09,23.84,0,4.61,2.63,F
1,4,8,12,28.08,28.31,0,0,26.58,33.79,39.41,3.74,4.38,5.98,F
1,3,4,7,31.56,28.09,0,1,26.56,38.44,25.38,3.43,3.88,13.38,F
1,7,8,15,31.37,28.09,0,1,26.55,36.54,39.41,3.74,4.49,4.36,F
1,5,4,9,29.18,29.48,1,2,26.48,29.43,30.28,1.31,4.44,6.73,F
0,3,4,7,34.9,31.8,0,0,26.46,22.35,28.6,2.74,4.57,9.19,F
1,7,3,10,29.19,29.51,0,0,26.45,43.4,39.41,5.47,4.19,9.8,F
1,8,7,15,31.55,29.19,1,0,26.43,41.38,38.44,4.83,4.04,11.55,F
1,4,4,8,30.45,28.12,0,1,26.41,23.84,21.62,0,4,11.68,F
1,6,3,9,34.67,28.13,2,0,26.38,32.01,33.79,1.93,4.27,7.65,F
1,6,4,10,32.8,28.14,1,0,26.36,38.44,42.38,4.7,4.04,11,F
0,7,5,12,37.28,31.84,1,0,26.35,20.21,29.43,3.01,4.75,7.01,F
1,7,3,10,28.15,30.16,0,1,26.32,42.38,40.39,4.7,4.36,6.22,F
1,7,4,11,28.76,28.16,0,0,26.25,28.6,27.77,0.26,4.53,3.82,F
0,7,8,15,32.69,31.9,0,0,26.15,28.6,34.69,4.73,4.4,11.38,F
0,6,8,14,32.08,31.9,0,0,26.14,21.62,20.91,0.46,4.64,8.4,F
1,5,4,9,30.58,28.19,0,0,26.11,36.54,28.6,2.82,4.7,1.22,F
0,7,6,13,33.6,33.99,0,1,25.94,51.95,45.46,10,4.59,11.14,F
1,3,4,7,28.26,28.24,0,0,25.91,32.01,31.14,1.36,4.31,6.98,F
1,4,4,8,29.36,29.62,0,0,25.76,36.54,36.54,3.29,4.38,7.49,F
1,3,5,8,29.73,29.36,0,0,25.76,32.89,31.14,2.13,4.17,9.99,F
0,4,5,9,34.09,32.04,2,1,25.72,29.43,29.43,3.01,4.64,8.39,F
1,7,7,14,33.26,28.29,0,0,25.71,29.43,35.61,2.52,4.3,7.19,F
0,4,4,8,34.85,33.68,0,0,25.7,40.39,33.79,6.19,4.67,10.11,F
0,7,7,14,32.04,33.39,0,0,25.69,30.28,23.84,3.29,4.94,4.61,F
1,3,6,9,31.09,29.38,1,1,25.69,32.01,33.79,2.42,4.27,8.81,F
1,7,5,12,32.27,29.38,0,0,25.68,32.01,33.79,2.42,4.48,6.29,F
1,5,3,8,29.96,28.31,0,0,25.64,34.69,27.77,2.23,4.43,5.22,F
0,7,2,9,40.8,33.73,2,1,25.53,33.79,31.14,4.01,4.99,6.02,F
1,8,7,15,29.54,29.43,0,1,25.51,29.43,26.96,1.04,4.47,6.39,F
1,5,7,12,29.88,28.34,0,0,25.5,34.69,21.62,2.23,4.62,2.41,F
0,8,4,12,35.72,33.76,1,0,25.44,28.6,29.43,2.57,4.75,9.12,F
0,7,3,10,33.54,32.13,0,1,25.41,24.6,21.62,1.43,4.78,6.58,F
1,2,6,8,31.26,29.46,1,0,25.38,25.38,35.61,3,4.68,3.86,F
1,7,4,11,29.64,29.47,0,1,25.36,37.49,36.54,3.59,4.29,8.62,F
1,5,4,9,28.37,29.01,0,2,25.36,36.54,31.14,2.82,4.01,11.49,F
0,7,7,14,32.16,32.52,0,0,25.33,36.54,33.79,5.33,4.83,5.99,F
1,4,4,8,29.48,30.17,0,0,25.32,41.38,46.51,6.46,4.03,11.73,F
1,3,7,10,28.45,28.39,0,0,25.3,28.6,32.01,1.36,4.38,5.98,F
1,4,4,8,32.73,28.39,0,0,25.3,17.52,26.16,0,4.41,5.48,F
1,6,3,9,30.79,28.4,0,0,25.23,42.38,32.01,4.7,4.25,7.89,F
0,5,4,9,33.83,34.05,0,0,25.23,23.09,26.96,1.76,4.86,7.68,F
1,5,4,9,32.2,28.44,0,0,25.1,38.44,48.65,6.71,4.07,10.6,F
1,5,4,9,30.78,28.44,0,0,25.09,32.89,32.89,1.65,4.28,7.43,F
0,7,7,14,34.05,33.89,1,2,25.04,29.43,35.61,4.61,4.7,9.72,F
1,7,7,14,33.38,28.47,0,0,24.96,38.44,44.42,5.35,4.36,6.22,F
1,4,3,7,33.59,29.58,0,0,24.95,39.41,47.58,7.81,4.2,8.33,F
1,4,5,9,34.7,29.61,1,0,24.81,36.54,39.41,4.2,4.09,10.96,F
1,7,6,13,31.51,29.62,1,0,24.76,23.09,24.6,0,4.94,0.77,F
1,4,5,9,29.53,28.52,0,0,24.75,36.54,46.51,6.03,4.2,8.62,F
1,6,6,12,30.18,29.64,0,0,24.7,43.4,40.39,5.47,4.36,7.72,F
1,6,4,10,34.92,28.55,0,0,24.63,42.38,32.01,4.7,4.25,7.89,F
1,7,8,15,33.19,28.55,0,0,24.62,35.61,27.77,2.52,4.33,6.7,F
1,7,7,14,29.62,28.55,0,0,24.62,16.87,31.14,1.08,4.28,7.43,F
0,8,5,13,35.95,32.38,1,0,24.6,30.28,29.43,3.29,4.99,4,F
1,7,8,15,28.58,28.74,0,0,24.51,42.38,38.44,4.7,4.6,2.71,F
0,7,5,12,34.92,34.05,1,0,24.51,26.96,34.69,4.31,5.01,5.87,F
1,5,4,9,30.09,29.69,0,0,24.51,28.6,29.43,1.04,4.49,6.14,F
1,4,4,8,30.88,29.7,1,0,24.45,41.38,47.58,6.79,4.28,8.65,F
1,6,6,12,31.58,28.59,0,0,24.45,27.77,34.69,2.23,4.48,4.52,F
0,7,8,15,34.99,32.45,2,0,24.4,26.16,21.62,1.95,4.59,8.99,F
0,4,7,11,37.37,34.1,1,0,24.36,21.62,20.91,0,4.88,7.5,F
1,7,6,13,30.86,29.74,0,0,24.32,39.41,42.38,5.14,3.98,12.3,F
1,8,5,13,32.05,29.74,1,0,24.31,37.49,39.41,4.2,4.09,10.97,F
0,7,7,14,-2,34.11,0,0,24.31,22.35,23.84,0.73,5.17,3.85,F
1,4,8,12,30.67,28.64,0,0,24.23,38.44,30.28,3.43,4.12,9.79,F
0,6,5,11,33.33,32.5,1,1,24.22,26.16,28.6,2.74,4.59,8.99,F
1,5,5,10,30.68,28.66,0,0,24.16,43.4,43.4,5.02,4.06,10.76,F
0,6,7,13,32.52,32.58,0,0,24.16,30.28,16.87,3.29,5.13,2.19,F
1,4,4,8,31.53,29.78,0,0,24.15,38.44,34.69,3.89,4.28,8.65,F
1,4,4,8,31.83,29.78,0,0,24.14,38.44,35.61,3.89,4.32,8.27,F
1,6,7,13,28.67,28.92,0,0,24.11,34.69,36.54,2.82,4.35,6.43,F
1,7,8,15,30.31,28.68,0,0,24.09,44.42,38.44,5.35,3.98,11.93,F
0,4,5,9,33.55,32.55,0,1,24.08,23.09,21.62,0.94,4.67,7.98,F
0,7,8,15,33.07,32.57,0,0,23.99,19.52,23.84,1.19,4.94,4.6,F
1,5,5,10,28.71,30.92,1,1,23.93,17.52,34.69,2.23,4.27,7.65,F
1,5,8,13,28.72,29.33,1,2,23.93,32.89,34.69,2.23,3.98,11.92,F
1,3,4,7,30.34,28.72,0,0,23.91,36.54,37.49,3.12,4.08,10.49,F
0,5,5,10,35.01,32.62,0,0,23.83,26.16,30.28,3.29,4.65,8.18,F
1,7,5,12,29.88,32.81,0,3,23.77,33.79,34.69,2.71,4.54,5.56,F
1,0,4,4,30.12,28.76,1,0,23.74,36.54,28.6,2.82,4.38,5.94,F
1,3,7,10,29.9,33.69,0,1,23.7,41.38,31.14,4.83,4.57,5.19,F
1,6,8,14,31.93,28.79,0,0,23.62,40.39,29.43,4.06,4.91,0,F
0,4,5,9,34.65,32.69,1,0,23.62,32.01,31.14,3.85,4.62,8.59,F
1,4,8,12,30.18,28.8,2,0,23.56,34.69,36.54,2.82,3.97,12.13,F
1,6,7,13,32.49,28.8,2,0,23.56,22.35,26.16,0,4.45,5,F
1,5,4,9,29.05,28.8,0,0,23.55,43.4,44.42,5.35,4.17,9.11,F
1,7,2,9,32.17,28.82,0,0,23.49,32.01,30.28,1.36,4.3,7.17,F
1,7,6,13,28.84,28.83,0,1,23.46,42.38,30.28,4.7,5.01,0,F
1,3,5,8,37.19,29.99,0,0,23.33,32.01,35.61,3,4.56,5.37,F
1,4,5,9,36.43,28.86,0,0,23.32,53.07,47.58,8.14,4.51,4.05,F
0,7,8,15,36.54,32.78,3,0,23.32,28.6,20.91,2.74,4.96,4.38,F
1,2,5,7,31.01,30,1,1,23.3,39.41,38.44,4.2,4.25,9.05,F
0,7,8,15,36.72,32.79,1,1,23.3,20.91,23.84,1.19,4.49,10.21,F
1,4,4,8,30.47,28.87,0,0,23.28,40.39,42.38,4.7,4.43,5.27,F
1,6,7,13,32.28,28.87,0,0,23.28,38.44,40.39,4.06,3.97,12.16,F
1,7,8,15,32.94,28.89,0,0,23.2,27.77,33.79,1.93,4.4,5.73,F
0,6,4,10,34.75,32.83,0,0,23.16,28.6,31.14,3.57,5.44,0,F
0,6,7,13,36.24,34.48,1,0,23.14,25.38,27.77,2.03,4.81,8.3,F
1,6,6,12,33.58,28.91,0,1,23.12,37.49,37.49,3.12,4.56,3.32,F
1,7,7,14,31.4,28.92,0,0,23.08,29.43,37.49,3.12,4.35,6.46,F
1,3,7,10,33.32,28.92,1,0,23.08,33.79,37.49,3.12,4.6,2.65,F
1,7,7,14,30.92,30.06,0,0,23.08,31.14,34.69,2.71,4.72,3.44,F
0,5,4,9,36.79,34.52,3,1,23.02,23.84,26.16,1.5,4.69,9.92,F
1,4,4,8,34.89,28.93,0,0,23.01,39.41,34.69,3.74,4.32,6.93,F
1,7,7,14,29.58,28.95,0,0,22.94,40.39,42.38,4.7,4.19,8.84,F
0,7,3,10,33.95,32.9,0,0,22.94,11.63,9.61,0,5.17,1.75,F
0,7,8,15,32.92,33,2,1,22.87,32.89,26.96,4.14,4.72,7.39,F
0,6,6,12,39,32.93,1,0,22.85,32.89,25.38,4.14,4.73,7.19,F
1,2,7,9,31.98,28.98,0,0,22.83,43.4,37.49,5.02,4.65,1.92,F
1,5,5,10,30.13,35.1,0,1,22.8,41.38,42.38,5.14,4.25,9.03,F
1,2,8,10,30.92,28.98,2,3,22.8,35.61,39.41,3.74,3.95,12.43,F
1,8,3,11,31.07,30.15,1,0,22.72,43.4,51.95,8.18,4.17,9.96,F
1,5,5,10,30.16,30.58,0,1,22.7,42.38,42.38,5.14,4.23,9.24,F
1,4,5,9,30.7,29.02,0,0,22.66,31.14,37.49,3.12,4.15,9.35,F
1,7,8,15,30.83,29.03,1,0,22.61,41.38,34.69,4.38,4.54,3.59,F
1,6,3,9,31.35,30.18,0,0,22.6,29.43,26.16,1.04,4.53,5.76,F
0,7,5,12,34.66,35.59,1,2,22.57,29.43,29.43,2.57,4.76,8.93,F
1,6,8,14,31.32,29.07,2,0,22.45,22.35,36.54,2.82,4.2,8.6,F
1,5,6,11,31.71,30.22,0,1,22.44,25.38,26.16,0,4.69,3.82,F
1,3,7,10,31.15,29.08,1,0,22.4,37.49,27.77,3.12,4.62,2.41,F
0,4,4,8,34.72,35.03,0,1,22.38,25.38,29.43,2.57,5.01,5.88,F
0,7,8,15,34.23,33.1,0,0,22.3,24.6,32.89,4.14,5.04,3.4,F
1,4,4,8,30.52,29.11,0,0,22.29,35.61,34.69,2.52,4.33,6.71,F
1,7,6,13,31.26,29.11,0,1,22.27,42.38,31.14,4.7,4.32,6.93,F
0,7,8,15,41.17,33.12,2,0,22.25,18.17,18.17,0,4.62,8.6,F
1,4,3,7,32.72,29.12,0,0,22.22,30.28,33.79,1.93,4.59,2.89,F
0,7,5,12,40.63,33.13,1,0,22.22,25.38,18.84,1.69,4.83,5.96,F
1,2,5,7,31.11,30.28,0,0,22.22,24.6,31.14,1.58,4.64,4.38,F
1,5,6,11,32.65,29.13,1,1,22.18,37.49,34.69,3.12,4.16,9.32,F
0,3,8,11,33.15,34.89,0,1,22.14,19.52,26.16,1.95,4.94,4.61,F
1,7,4,11,29.4,29.16,0,1,22.05,30.28,22.35,0.81,4.03,11.24,F
1,8,6,14,30.33,30.34,0,0,22.03,32.01,27.77,1.85,5.42,0,F
1,3,5,8,33.15,30.34,0,0,21.97,45.46,45.46,6.12,4.19,9.77,F
1,4,5,9,33.66,29.2,1,1,21.91,36.54,37.49,3.12,4.25,7.9,F
1,7,6,13,30.73,30.36,0,0,21.91,31.14,27.77,1.58,4.43,6.93,F
0,4,3,7,34.96,34.89,1,1,21.85,30.28,29.43,2.85,4.83,8.11,F
1,3,6,9,31.1,30.37,1,0,21.85,32.89,31.14,2.13,4.46,6.55,F
1,2,5,7,30.92,30.38,1,0,21.84,34.69,37.49,3.59,4.54,5.53,F
1,4,3,7,32.86,30.39,2,0,21.79,40.39,36.54,4.51,4.36,7.69,F
1,3,4,7,35.5,30.39,1,0,21.78,25.38,24.6,0,4.73,3.25,F
1,5,7,12,35.98,29.25,1,0,21.67,28.6,30.28,0.81,4.33,6.76,F
0,5,4,9,37.31,33.33,4,0,21.57,18.17,22.35,0.7,4.59,8.95,F
1,3,4,7,33.09,30.46,1,1,21.52,42.38,38.44,5.14,4.27,8.84,F
1,8,4,12,35,30.46,1,0,21.52,35.61,34.69,3,4.28,8.66,F
1,7,5,12,30.46,30.61,1,1,21.52,24.6,32.01,1.85,4.49,6.15,F
1,7,7,14,30.46,31.1,1,1,21.52,31.14,30.28,1.58,4.75,3.07,F
1,5,6,11,94.14,29.29,1,1,21.51,29.43,31.14,1.08,4.75,0.52,F
0,7,7,14,34.03,33.36,0,0,21.47,24.6,26.96,2.21,4.88,5.39,F
0,7,8,15,38.8,33.36,3,0,21.47,24.6,24.6,1.44,4.99,4,F
1,5,3,8,36.55,30.49,2,0,21.4,32.01,27.77,1.85,4.58,5.14,F
1,5,5,10,32.3,30.49,0,0,21.4,28.6,32.01,1.85,4.48,6.34,F
0,5,5,10,35.86,33.38,0,1,21.4,23.09,22.35,0.94,4.85,5.8,F
1,7,8,15,30.4,29.33,0,0,21.37,42.38,25.38,4.7,4.04,10.98,F
1,8,5,13,30.7,30.5,0,0,21.35,32.01,34.69,2.71,4.56,5.35,F
1,8,7,15,31.81,30.54,1,0,21.23,36.54,34.69,3.29,4.41,7.1,F
1,6,4,10,31.18,29.36,1,0,21.2,36.54,32.89,2.82,4.22,8.3,F
1,3,4,7,30.97,30.55,2,0,21.17,19.52,23.84,0,4.95,0.72,F
1,4,5,9,30.99,30.55,0,0,21.16,14.42,21.62,0,4.7,3.65,F
0,7,8,15,34.83,33.47,1,0,21.13,18.84,24.6,1.44,5.01,3.8,F
1,8,5,13,30.57,32.01,0,0,21.1,35.61,37.49,3.59,4.27,8.84,F
1,7,8,15,29.4,31.55,0,1,21.06,44.42,41.38,5.35,4.33,6.7,F
1,4,7,11,29.4,30.12,0,0,21.05,34.69,26.16,2.23,4.51,4.08,F
1,7,7,14,29.96,29.42,0,0,20.99,34.69,37.49,3.12,4.44,5.03,F
1,3,5,8,30.6,29.42,0,0,20.99,33.79,24.6,1.93,4.24,8.14,F
1,7,5,12,37.68,29.41,1,0,20.99,24.6,32.01,1.36,3.95,12.43,F
1,7,7,14,29.88,29.43,0,0,20.92,48.65,49.74,7.06,4.51,4.08,F
0,7,7,14,36.63,35.22,0,0,20.8,28.6,25.38,2.3,4.85,7.9,F
1,7,4,11,35.22,29.49,0,1,20.7,36.54,41.38,4.38,4.27,7.65,F
1,3,7,10,29.5,30.54,0,1,20.65,30.28,36.54,2.82,4.3,7.16,F
1,3,4,7,34.71,29.53,0,0,20.52,32.89,33.79,1.93,4.78,0,F
0,3,3,6,38.09,33.66,0,0,20.51,26.96,31.14,3.57,4.49,10.17,F
1,5,3,8,38.95,29.53,1,1,20.49,27.77,31.14,1.08,4.35,6.46,F
1,6,8,14,32.25,29.55,0,0,20.42,33.79,37.49,3.12,4.37,6.19,F
1,7,2,9,34.64,29.57,0,0,20.32,32.01,31.14,1.36,4.38,5.98,F
1,7,8,15,30.6,29.58,0,1,20.29,50.84,50.84,7.42,4,11.68,F
1,6,5,11,33.52,29.59,0,0,20.24,32.89,31.14,1.65,4.51,4.03,F
1,5,4,9,29.61,29.82,0,0,20.19,24.6,32.01,1.36,4.04,10.98,F
1,6,6,12,33.39,29.61,0,0,20.18,47.58,43.4,6.37,4.15,9.35,F
1,5,6,11,34.22,30.81,1,0,20.18,36.54,37.49,3.59,4.25,9.03,F
1,8,5,13,30.81,31.06,1,0,20.15,28.6,33.79,2.42,4.59,4.99,F
1,4,4,8,31.84,30.83,0,0,20.1,29.43,23.09,1.04,4.4,7.22,F
1,3,4,7,35.96,30.85,1,0,20.03,31.14,34.69,2.71,4.33,8.05,F
1,5,5,10,29.64,29.67,0,0,20.03,34.69,29.43,2.23,4.42,5.43,F
0,4,4,8,35.66,33.81,1,0,20.03,23.84,26.96,2.21,4.84,5.84,F
0,2,4,6,33.82,34.36,0,1,20,26.16,21.62,1.95,4.76,6.81,F
1,6,7,13,34.42,29.67,0,0,19.94,33.79,43.4,5.02,4.59,2.89,F
0,8,4,12,35.49,39,0,3,19.94,24.6,23.84,0.98,5.2,3.46,F
0,5,5,10,38.89,35.53,2,1,19.82,26.96,23.84,1.76,5.44,0.4,F
1,7,4,11,30.91,31.18,1,1,19.78,30.28,35.61,3,4,12.1,F
1,4,4,8,33.28,30.25,0,0,19.74,38.44,39.41,3.71,4.49,4.56,F
1,8,1,9,31.28,30.92,1,0,19.73,21.62,23.84,0,4.7,3.63,F
1,3,4,7,30.5,29.72,0,0,19.72,23.84,41.38,4.38,4.12,9.81,F
1,7,2,9,30.99,30.93,1,0,19.72,32.89,32.01,2.13,4.32,8.19,F
1,7,7,14,29.77,29.72,0,0,19.71,34.69,23.84,2.23,4.32,6.92,F
1,7,7,14,32.1,29.72,1,0,19.71,26.96,33.79,1.93,4.73,0.74,F
1,5,4,9,35.09,29.74,1,0,19.65,37.49,38.44,3.43,4.46,4.79,F
1,6,4,10,29.74,29.8,0,0,19.62,26.96,18.84,0,4.38,5.98,F
1,3,7,10,30.97,32.94,1,2,19.53,34.69,30.28,2.71,4.75,3.07,F
1,3,8,11,30.91,29.79,0,1,19.43,18.84,28.6,0.26,4.78,0,F
1,3,5,8,31.31,29.8,0,0,19.38,29.43,33.79,1.93,4.47,4.58,F
1,4,5,9,29.88,29.8,0,0,19.37,48.65,45.46,6.71,3.95,12.41,F
1,4,5,9,31.23,31.02,0,0,19.36,31.14,30.28,1.58,4.37,7.66,F
0,5,3,8,37.52,35.69,0,0,19.31,28.6,35.61,4.61,4.93,6.88,F
1,8,4,12,32.04,31.03,1,0,19.3,30.28,29.43,1.31,4.57,5.17,F
1,6,8,14,31.62,29.82,1,0,19.3,27.77,26.16,0,4.69,1.43,F
1,4,4,8,33.21,31.04,2,1,19.28,42.38,44.42,5.79,4.38,7.51,F
0,5,4,9,-2,34.05,0,0,19.27,23.84,21.62,1.19,4.6,8.8,F
1,7,7,14,33.95,31.05,1,0,19.24,29.43,38.44,3.89,4.45,6.7,F
1,8,7,15,32,31.05,0,0,19.23,38.44,40.39,4.51,4.51,5.97,F
1,7,7,14,33.79,29.85,0,0,19.19,42.38,46.51,6.03,4.28,7.41,F
1,7,3,10,29.84,29.88,0,0,19.19,35.61,24.6,2.52,4.59,2.87,F
1,3,5,8,32.14,31.08,0,0,19.12,45.46,43.4,6.12,4.21,9.59,F
0,3,3,6,35.24,34.09,1,2,19.12,34.69,38.44,5.95,4.32,12.39,F
1,4,4,8,33.92,31.08,1,0,19.12,30.28,30.28,1.31,4.61,4.8,F
1,7,2,9,34.37,31.08,0,0,19.12,19.52,20.91,0,5.13,0,F
1,7,8,15,32.06,29.86,1,0,19.11,30.28,29.43,0.81,4.57,3.14,F
1,6,5,11,32.5,29.9,0,0,18.96,42.38,44.42,5.35,4.29,7.37,F
1,6,2,8,33.49,29.9,3,1,18.94,35.61,33.79,2.52,4.27,7.63,F
1,2,3,5,31.61,29.91,0,0,18.92,42.38,34.69,4.7,4.09,10.25,F
1,5,5,10,30.25,29.91,1,2,18.9,40.39,37.49,4.06,4.35,6.43,F
1,5,5,10,32.25,31.18,0,0,18.74,28.6,33.79,2.42,4.11,10.76,F
1,6,6,12,33.87,31.18,0,0,18.73,39.41,37.49,4.2,4.33,8.07,F
1,3,4,7,33.32,31.19,2,0,18.68,22.35,24.6,0,4.94,0.77,F
1,6,5,11,35.89,31.2,2,1,18.66,29.43,29.43,1.04,4.59,4.99,F
0,7,8,15,34.25,35.39,1,0,18.61,35.61,21.62,5.03,4.35,12,F
1,8,5,13,31.23,31.23,0,0,18.56,25.38,26.16,0,4.67,4.02,F
1,3,6,9,31.74,30,0,0,18.52,30.28,28.6,0.81,4.22,8.39,F
0,7,1,8,36.62,34.28,1,0,18.51,40.39,29.43,6.59,4.81,6.2,F
1,4,4,8,30.02,30.21,1,2,18.47,44.42,43.4,5.35,3.91,12.92,F
1,3,4,7,35.46,31.28,0,0,18.35,40.39,40.39,4.51,4.54,5.59,F
1,6,7,13,36.64,32.38,0,0,18.35,30.28,30.28,0,4.68,0.53,F
1,6,6,12,31.18,30.05,0,0,18.31,39.41,41.38,4.38,4.2,8.62,F
1,5,5,10,35.6,30.06,1,0,18.3,24.6,32.89,1.65,4.13,9.78,F
1,8,7,15,39.09,31.32,2,0,18.19,35.61,34.69,3,4.54,5.56,F
1,6,3,9,30.23,30.09,1,0,18.16,28.6,33.79,1.93,4.44,5.03,F
1,4,7,11,31.76,31.36,0,1,18.02,34.69,40.39,4.51,4.61,4.77,F
1,4,4,8,35.21,30.13,1,1,18,31.14,38.44,3.43,4.28,7.41,F
1,7,7,14,31.57,31.37,1,0,17.99,35.61,39.41,4.2,4.3,8.45,F
1,4,5,9,30.14,30.3,0,0,17.97,17.52,23.84,0,4.77,0.22,F
1,7,4,11,35.25,30.14,0,0,17.95,35.61,37.49,3.12,4.62,2.37,F
1,3,6,9,32.67,30.15,1,0,17.91,51.95,31.14,7.77,4.17,9.09,F
1,8,4,12,32.5,31.4,0,0,17.87,37.49,36.54,3.59,4.35,7.85,F
0,4,4,8,38.73,36.16,2,2,17.82,20.21,21.62,0,5.79,0,F
1,5,5,10,31.9,31.43,0,1,17.79,28.6,28.6,0.77,4.82,2.28,F
1,4,6,10,31.43,31.54,0,1,17.79,25.38,25.38,0,4.83,2.12,F
1,6,4,10,30.82,30.18,0,0,17.77,35.61,30.28,2.52,4.56,3.35,F
1,7,8,15,36.56,30.19,1,0,17.75,37.49,38.44,3.43,4.29,7.37,F
1,8,7,15,33.16,31.43,1,0,17.75,28.6,29.43,1.04,4.8,2.48,F
1,5,5,10,33.95,31.44,0,0,17.74,37.49,37.49,3.59,4.38,7.55,F
1,7,2,9,35.93,31.45,1,0,17.68,34.69,34.69,2.71,4.36,7.71,F
1,4,5,9,33.8,30.21,1,0,17.66,33.79,32.89,1.93,4.73,0.71,F
1,3,3,6,34.38,31.48,0,0,17.57,33.79,37.49,3.59,4.24,9.23,F
1,3,3,6,32.51,30.53,0,0,17.56,35.61,32.01,1.81,4.32,6.86,F
1,6,7,13,33.42,31.49,2,1,17.53,33.79,36.54,3.29,4.28,8.66,F
1,7,6,13,33.48,30.24,1,1,17.52,30.28,34.69,2.23,4.43,5.28,F
1,6,4,10,33.99,30.26,0,0,17.44,32.01,28.6,1.36,4.75,0.49,F
1,4,0,4,31.51,34.27,0,1,17.44,18.17,28.6,0.77,4.56,5.38,F
1,4,3,7,33.46,31.52,2,1,17.43,31.14,32.89,2.13,4.62,4.6,F
1,4,5,9,33.28,30.27,0,0,17.4,30.28,31.14,1.08,4.53,3.82,F
1,5,4,9,34.37,31.57,0,1,17.24,34.69,39.41,4.2,4.41,7.11,F
1,8,4,12,31.85,31.57,0,0,17.22,24.6,23.09,0,5.13,0,F
1,3,5,8,31.93,31.6,0,0,17.13,29.43,30.28,1.31,4.51,5.96,F
1,5,2,7,35.75,31.6,3,0,17.13,28.6,30.28,1.31,4.49,6.14,F
1,7,7,14,32.35,30.36,3,2,17.05,32.01,21.62,1.36,4.54,3.59,F
1,4,4,8,35.32,30.36,0,0,17.03,28.6,32.89,1.65,4.24,8.07,F
1,7,5,12,30.36,30.89,0,0,17.01,33.79,32.01,1.93,4.3,7.16,F
1,7,4,11,31.22,30.37,1,1,17,42.38,26.96,4.7,3.95,12.44,F
1,3,6,9,32.24,31.63,1,0,17,30.28,31.14,1.58,5.31,0,F
1,8,7,15,34.11,31.63,0,0,17,31.14,29.43,1.58,4.64,4.4,F
1,8,2,10,32,31.63,0,0,17,21.62,30.28,1.31,4.97,0.42,F
1,3,4,7,36.13,30.37,1,1,16.99,22.35,26.16,0,4.67,1.7,F
0,6,7,13,34.76,36.19,1,2,16.98,29.43,31.14,3.57,4.83,6,F
1,6,3,9,35.24,31.65,1,0,16.93,17.52,34.69,2.71,4.41,7.12,F
1,3,8,11,30.39,31.55,0,1,16.9,19.52,19.52,0,5.12,0,F
1,5,5,10,34.07,31.66,1,1,16.86,31.14,30.28,1.58,4.43,6.91,F
0,4,4,8,39.14,34.81,0,0,16.84,27.77,23.84,2.47,4.85,5.8,F
1,7,7,14,31.72,30.42,0,0,16.76,37.49,19.52,3.12,4.24,8.11,F
1,7,5,12,34.6,31.74,1,0,16.56,38.44,39.41,4.2,4.48,6.34,F
1,4,4,8,-2,30.49,0,0,16.48,41.38,35.61,4.38,4.22,8.39,F
1,3,4,7,32.19,31.77,0,0,16.45,30.28,28.6,1.31,4.53,5.76,F
0,7,6,13,39.78,36.62,3,1,16.36,20.21,21.62,0,5.32,1.89,F
1,7,7,14,35.38,30.52,0,0,16.35,29.43,34.69,2.23,4.51,4.08,F
0,4,7,11,41.58,36.64,0,1,16.3,23.84,26.96,1.76,5.34,1.63,F
1,4,5,9,30.77,30.54,0,0,16.29,42.38,42.38,4.7,4.32,6.93,F
0,3,4,7,36.71,35.01,2,2,16.2,25.38,15.62,1.69,5.17,1.73,F
1,3,4,7,31.85,-2,1,12,16.16,32.89,32.89,2.13,4.44,6.73,F
1,7,8,15,30.57,32.92,0,2,16.15,29.43,32.01,1.36,4.57,3.14,F
1,7,7,14,30.63,30.6,0,0,16.02,27.77,28.6,0.26,4.89,0,F
1,5,3,8,33.69,31.89,2,1,15.99,33.79,32.01,2.42,4.37,7.64,F
1,3,3,6,35.02,30.63,1,0,15.89,32.89,32.01,1.65,4.43,5.24,F
1,7,3,10,31.94,33.23,1,2,15.8,35.61,35.61,3,4.53,5.74,F
1,3,4,7,32.24,30.67,0,0,15.74,35.61,34.69,2.52,4.46,4.79,F
0,5,5,10,40.71,36.83,3,1,15.69,22.35,27.77,2.03,5.22,3.22,F
1,4,3,7,33.32,32,1,1,15.55,20.91,28.6,0.77,4.67,4.04,F
1,7,6,13,32.39,32.01,0,0,15.53,34.69,34.69,2.71,4.56,5.38,F
1,7,4,11,36.65,30.72,3,1,15.51,37.49,35.61,3.12,4.11,10.04,F
0,3,8,11,41.67,35.22,3,0,15.5,45.46,40.39,8.25,4.59,8.99,F
1,5,5,10,31.68,30.73,1,0,15.47,32.89,33.79,1.93,0,7.77,F
0,6,7,13,35.24,37.1,0,1,15.46,19.52,20.91,0.23,5.13,2.22,F
1,3,3,6,33.67,32.04,1,2,15.41,32.01,33.79,2.42,4.45,6.71,F
1,7,7,14,32.4,30.75,0,0,15.4,20.91,20.21,0,4.94,0,F
1,3,4,7,31.66,30.76,0,0,15.34,26.16,22.35,0,4.64,2.13,F
1,5,5,10,36.76,32.08,4,0,15.26,26.16,25.38,0,4.8,2.49,F
1,7,8,15,30.81,31.79,0,0,15.13,47.58,40.39,6.37,4.06,10.73,F
1,3,3,6,30.81,31.78,0,2,15.13,7.78,25.38,0,4.57,3.1,F
0,4,7,11,41.98,37.01,3,0,15.12,26.96,26.16,1.76,4.91,7.06,F
1,4,8,12,30.83,31.21,0,0,15.07,32.01,32.89,1.65,4.91,0,F
1,6,7,13,34.28,32.14,2,0,15.02,32.01,31.14,1.85,4.7,3.66,F
0,5,3,8,37.61,37.08,0,0,14.9,20.91,20.91,0,5.3,2.22,F
1,4,4,8,35.46,30.88,0,0,14.86,27.77,26.96,0,4.41,5.51,F
1,4,4,8,33.38,30.91,1,0,14.74,26.96,30.28,0.81,4.65,1.92,F
1,3,3,6,-2,42.25,0,7,14.72,25.38,26.96,9.59,4.34,12.77,F
1,7,3,10,31.87,30.91,0,1,14.71,38.44,23.09,3.43,4.32,6.92,F
1,8,7,15,35.61,32.23,4,1,14.68,44.42,48.65,7.13,4.12,10.59,F
1,6,2,8,33.73,32.24,0,0,14.64,26.96,23.84,0.25,4.88,1.51,F
1,5,5,10,32.93,32.25,0,0,14.58,28.6,24.6,0.77,5.04,0,F
1,5,3,8,33.43,32.26,1,0,14.54,32.89,33.79,2.42,4.17,10,F
1,2,4,6,32.31,33.04,2,1,14.35,33.79,32.89,2.42,4.57,5.19,F
1,7,4,11,33.83,32.33,0,0,14.3,23.09,29.43,1.04,4.66,4.18,F
1,5,4,9,35.52,31.04,1,0,14.19,39.41,37.49,3.74,4.27,7.69,F
0,4,4,8,36.97,35.64,0,0,14.17,25.38,30.28,3.29,4.83,5.99,F
1,5,5,10,-2,32.38,0,1,14.09,36.54,31.14,3.29,4.3,8.45,F
1,2,5,7,32.92,32.4,0,0,14.03,30.28,34.69,2.71,4.64,4.42,F
1,3,6,9,31.92,31.08,0,0,13.99,38.44,35.61,3.43,4.54,3.6,F
1,7,7,14,-2,31.08,0,0,13.99,37.49,36.54,3.12,4.38,5.98,F
1,3,5,8,32.42,33.62,1,1,13.94,23.84,20.91,0,4.86,1.71,F
1,5,7,12,35.57,32.42,0,1,13.93,30.28,35.61,3,4.62,4.6,F
1,7,7,14,36.95,31.11,1,0,13.88,43.4,37.49,5.02,3.96,12.23,F
1,7,8,15,31.85,31.11,0,0,13.86,38.44,46.51,6.03,4.09,10.25,F
1,6,5,11,31.63,31.11,0,0,13.86,34.69,28.6,2.23,4.2,8.6,F
0,4,6,10,37.42,37.67,0,1,13.83,32.89,26.16,3.72,4.88,7.5,F
1,3,5,8,34.6,31.13,2,0,13.8,31.14,29.43,1.08,4.3,7.16,F
1,5,7,12,33.25,32.48,0,0,13.72,33.79,32.89,2.42,4.38,7.48,F
1,5,3,8,33.32,31.16,1,0,13.67,36.54,35.61,2.82,4.14,9.57,F
0,2,7,9,37.47,37.92,1,1,13.66,23.84,20.21,0.73,5.31,1.99,F
0,7,7,14,35.8,38.57,0,2,13.65,24.6,19.52,1.44,4.96,4.4,F
0,7,7,14,37.48,43.91,2,5,13.65,22.35,25.38,1.24,4.96,6.48,F
0,7,4,11,36.77,35.83,2,2,13.57,30.28,27.77,3.29,5.13,2.19,F
1,4,3,7,32.53,32.52,0,1,13.57,32.89,32.89,2.13,4.88,1.51,F
1,6,5,11,-2,31.2,0,0,13.52,38.44,37.49,3.43,4.27,7.66,F
1,7,7,14,32.41,31.23,3,0,13.37,24.6,22.35,0,4.19,8.84,F
1,7,6,13,35.5,31.25,1,1,13.3,34.69,28.6,2.23,4.53,3.82,F
1,3,4,7,35.01,31.25,0,0,13.28,23.09,30.28,0.81,4.48,4.57,F
1,4,7,11,31.81,31.27,0,1,13.23,40.39,45.46,5.69,4.45,5.01,F
0,3,3,6,37.63,39.03,1,2,13.15,20.21,19.52,0,5.04,5.44,F
0,4,3,7,39.16,35.99,2,0,13.04,15.02,17.52,0,5.25,0.8,F
1,5,3,8,35.88,31.39,0,0,12.72,11.11,29.43,0.53,4.64,2.16,F
1,5,3,8,33.94,32.77,0,0,12.58,30.28,26.96,1.31,4.59,5,F
1,4,4,8,37.51,31.43,2,0,12.54,28.6,37.49,3.12,4.48,4.54,F
1,4,6,10,33.95,32.78,3,0,12.53,32.01,38.44,3.89,4.65,4.22,F
1,4,4,8,34.71,31.44,0,0,12.52,26.96,25.38,0,4.08,10.52,F
1,7,7,14,33.84,31.45,0,0,12.45,34.69,32.01,2.23,4.22,8.36,F
0,8,4,12,38.83,37.89,4,1,12.34,19.52,21.62,0,5.29,2.23,F
1,8,7,15,33.45,32.84,1,1,12.33,32.01,35.61,3,4.59,4.99,F
1,6,6,12,34.08,32.86,0,0,12.22,32.01,35.61,3,4.48,6.27,F
1,4,4,8,37.68,31.51,1,1,12.22,26.96,29.43,0.53,4.32,6.93,F
1,7,8,15,32.81,31.52,1,0,12.18,47.58,45.46,6.37,4.17,9.11,F
1,6,6,12,32.88,33.11,0,2,12.18,26.16,27.77,0.51,4.81,2.29,F
1,6,7,13,35.09,32.88,0,0,12.16,28.6,31.14,1.58,4.7,3.66,F
1,5,4,9,34.48,32.89,1,1,12.11,28.6,26.16,0.77,4.51,5.95,F
1,4,4,8,33.86,31.55,0,0,12.03,38.44,26.16,3.43,4.54,3.6,F
1,7,5,12,35.77,31.56,3,1,12.01,39.41,34.69,3.74,4.09,10.3,F
1,6,4,10,38.81,31.57,2,0,11.96,33.79,32.89,1.93,4.52,3.84,F
0,5,3,8,36.8,36.35,1,1,11.89,17.52,23.09,0.94,5.06,3.18,F
1,4,4,8,38.42,31.6,0,0,11.84,28.6,33.79,1.93,4.56,3.32,F
1,4,5,9,38.59,31.6,3,2,11.82,25.38,31.14,1.08,3.93,12.66,F
0,7,7,14,38.23,36.38,2,1,11.81,22.35,25.38,1.69,4.9,5.14,F
1,7,7,14,31.61,33.09,0,1,11.78,31.14,37.49,3.12,4.3,7.19,F
1,4,3,7,34.39,33.01,0,0,11.66,22.35,30.28,1.31,4.46,6.49,F
1,5,6,11,35.7,31.66,0,0,11.57,27.77,33.79,1.93,4.7,1.24,F
1,6,7,13,33.14,31.66,0,0,11.57,32.89,32.01,1.65,4.62,2.41,F
0,5,6,11,38.67,38.16,0,0,11.48,26.16,30.28,2.85,5.17,3.85,F
1,5,5,10,33.06,33.34,1,0,11.46,23.84,18.84,0,5.25,0,F
0,3,8,11,36.95,36.5,0,0,11.4,23.09,33.79,4.43,5.39,0,F
0,7,7,14,38.69,36.51,1,0,11.39,26.96,21.62,2.21,5.49,0,F
1,7,5,12,35.13,31.71,2,1,11.35,25.38,18.17,0,4.79,0,F
1,7,8,15,32.04,31.74,0,1,11.25,29.43,29.43,0.53,4.45,4.97,F
1,3,8,11,31.76,35.21,0,0,11.15,36.54,38.44,3.43,4.27,7.65,F
0,5,8,13,39.9,36.6,0,0,11.09,31.14,27.77,3.57,4.96,4.36,F
1,5,5,10,36.44,31.78,0,1,11.07,34.69,37.49,3.12,4.53,3.82,F
1,7,5,12,33.17,35.56,0,3,11.05,26.96,28.6,0.77,4.64,4.41,F
1,3,5,8,32.08,31.79,0,1,11.02,26.16,26.16,0,4.56,3.33,F
1,8,7,15,34,33.18,0,0,10.98,24.6,31.14,1.58,4.65,4.22,F
0,5,2,7,45.6,36.64,4,2,10.95,18.84,23.84,1.19,5.07,3,F
1,5,2,7,36.44,33.24,3,1,10.77,33.79,36.54,3.29,4.62,4.63,F
1,7,8,15,31.85,32.19,0,0,10.76,20.91,24.6,0,4.7,1.25,F
1,3,4,7,33.26,34.87,0,1,10.67,20.91,22.35,0,5.25,0,F
1,7,7,14,33.47,31.88,0,2,10.65,36.54,32.01,2.82,4.44,5.03,F
1,5,5,10,40.8,31.94,3,3,10.42,36.54,26.96,2.82,4.48,4.55,F
1,7,5,12,33.86,31.95,0,0,10.37,29.43,42.38,4.7,4.53,3.82,F
1,3,3,6,32.93,31.95,1,1,10.34,26.96,37.49,3.12,4.46,4.79,F
1,5,3,8,33.39,31.97,0,0,10.29,26.96,34.69,2.23,4.33,6.74,F
1,4,3,7,33.11,31.97,0,1,10.28,26.16,28.6,0.26,4.32,6.93,F
0,4,4,8,-2,36.86,0,3,10.26,23.09,37.49,5.64,5.23,0.99,F
1,5,4,9,33.39,35.21,1,1,10.2,28.6,30.28,1.31,5.41,0,F
1,3,5,8,33.21,32,0,0,10.15,29.43,31.14,1.08,4.72,0.97,F
1,6,6,12,35.46,33.4,2,2,10.13,29.43,32.89,2.13,4.34,8.03,F
1,7,4,11,34.36,33.42,1,0,10.06,26.16,26.96,0.25,4.89,1.34,F
1,4,4,8,38.66,32.07,2,2,9.86,31.14,36.54,2.82,4.73,0.71,F
1,5,5,10,-2,32.09,0,0,9.75,31.14,35.61,2.52,4.11,10.04,F
1,6,3,9,-2,33.51,0,1,9.73,41.38,34.69,4.83,4.54,5.56,F
1,5,3,8,33.52,38.11,0,0,9.68,41.38,42.38,5.14,4.27,8.84,F
1,5,4,9,33.65,33.54,1,1,9.6,26.96,32.01,1.85,4.48,6.34,F
0,8,1,9,41.42,38.76,4,2,9.57,30.28,30.28,2.85,5.31,2.02,F
1,5,5,10,35.39,32.15,1,1,9.54,27.77,26.16,0,4.49,4.32,F
1,4,4,8,36.11,33.57,1,2,9.5,38.44,40.39,4.51,4.24,9.21,F
0,7,2,9,39.32,38.78,0,0,9.5,27.77,29.43,2.57,5.47,0,F
1,5,5,10,37.34,33.57,1,1,9.48,31.14,32.01,1.85,4.53,5.76,F
0,5,8,13,38.15,37.13,0,0,9.39,20.21,19.52,0,4.96,4.4,F
1,4,6,10,36.06,32.21,2,1,9.26,22.35,28.6,0.26,4.48,4.51,F
1,8,3,11,37.2,33.63,2,0,9.25,32.01,32.89,2.13,4.62,4.59,F
1,6,8,14,35.41,32.22,0,0,9.22,43.4,18.17,5.02,4.35,6.49,F
1,4,7,11,34.24,33.65,0,0,9.18,24.6,31.14,1.58,4.88,1.51,F
1,5,1,6,37.28,32.24,0,0,9.14,25.38,31.14,1.08,4.78,0.01,F
1,7,5,12,32.42,32.24,0,0,9.13,28.6,26.96,0.26,4.7,1.19,F
0,5,2,7,44.81,38.91,3,1,9.08,22.35,25.38,1.24,5.2,3.47,F
1,7,2,9,32.27,36.45,1,1,9.03,26.96,27.77,0,4.19,8.84,F
0,5,2,7,39.2,37.29,1,0,8.87,12.71,19.52,0,5.2,1.37,F
1,2,7,9,32.4,32,0,1,8.85,32.01,32.01,1.36,4.49,4.29,F
1,3,3,6,31.66,34.15,0,0,8.78,49.74,36.54,8.89,4.89,0,F
1,4,4,8,33,32.34,0,1,8.73,36.54,20.21,2.82,4.72,0.97,F
1,3,3,6,33.66,32.35,0,0,8.68,23.09,23.09,0,4.65,1.9,F
0,4,4,8,42.92,39.04,4,1,8.67,20.21,24.6,0.98,5.73,0,F
0,5,2,7,43.58,39.06,3,1,8.62,25.38,23.84,1.24,5.28,2.45,F
1,3,3,6,33.97,33.8,0,1,8.61,31.14,25.38,1.58,4.81,2.29,F
1,6,5,11,32.37,34.33,0,2,8.61,30.28,26.96,0.81,4.73,0.73,F
0,8,7,15,40.6,39.07,1,0,8.59,26.16,24.6,1.5,5.41,0.8,F
1,5,3,8,35.72,32.38,0,1,8.57,36.54,31.14,2.82,4.57,3.1,F
1,4,3,7,32.4,33.37,1,2,8.45,33.79,35.61,2.52,4.44,5.03,F
1,3,5,8,35.09,32.4,1,1,8.45,32.01,32.89,1.65,4.89,0,F
1,5,5,10,35.56,32.49,0,0,8.08,29.43,34.69,2.23,4.41,5.49,F
1,6,7,13,35.23,32.49,1,0,8.07,30.28,26.96,0.81,4.69,1.41,F
0,4,4,8,39.26,39.49,3,3,7.98,18.84,25.38,1.24,5.07,5.06,F
1,5,6,11,32.52,32.78,0,0,7.95,37.49,36.54,3.12,4.41,5.51,F
1,5,5,10,34.31,32.53,1,0,7.94,37.49,42.38,4.7,4.49,4.3,F
0,6,2,8,38.1,37.63,1,0,7.8,23.84,21.62,1.19,4.88,5.4,F
1,3,5,8,38.9,34.19,2,0,7.07,27.77,27.77,0.51,4.89,1.35,F
0,7,5,12,40.33,37.86,1,1,7.05,22.35,26.96,2.21,5.23,1,F
0,6,7,13,39.58,41.56,1,2,6.97,32.01,30.28,3.42,5.07,5.06,F
0,4,4,8,39.62,48.79,1,1,6.84,25.38,25.38,1.24,4.85,7.84,F
0,7,3,10,39.63,43.3,1,3,6.82,21.62,23.09,0.48,5.57,0,F
1,7,4,11,36.1,32.81,1,0,6.74,20.91,30.28,0.81,4.94,0,F
0,3,8,11,41.6,37.96,2,0,6.73,19.52,18.17,0,5.48,0,F
1,3,6,9,32.86,33.91,0,0,6.56,24.6,31.14,1.08,4.65,1.93,F
1,4,7,11,35.79,32.89,1,0,6.4,39.41,32.01,3.74,4.48,4.55,F
1,6,3,9,37.33,32.93,2,1,6.24,32.01,25.38,1.36,4.7,1.21,F
1,3,3,6,32.96,34.05,0,0,6.13,44.42,31.14,5.35,4.46,4.79,F
1,3,3,6,48.08,48.11,5,4,6.11,15.62,26.16,3.6,5.49,2.38,F
0,4,3,7,45.54,38.19,1,0,5.99,29.43,17.52,3.01,5.42,0,F
1,6,4,10,37.94,34.48,0,1,5.98,26.16,25.38,0,4.8,2.48,F
1,4,4,8,37.31,33,1,1,5.96,31.14,32.01,1.36,4.38,5.92,F
0,3,4,7,43.22,39.91,6,3,5.93,16.87,24.6,0.98,5.44,0.42,F
1,6,5,11,34.5,34.78,0,0,5.89,27.77,23.09,0.51,5.06,0,F
0,6,8,14,42.19,38.26,2,1,5.77,19.52,18.84,0,5.41,0,F
1,6,5,11,33.06,33.12,0,0,5.7,34.69,32.01,2.23,4.68,1.47,F
1,3,3,6,34.79,33.1,0,0,5.52,27.77,21.62,0,4.56,3.29,F
1,5,7,12,38,33.19,1,3,5.17,40.39,35.61,4.06,4.44,5.04,F
1,6,7,13,36.9,33.23,3,0,4.98,29.43,39.41,3.74,4.12,9.81,F
1,4,5,9,37.53,33.23,2,1,4.97,44.42,20.91,5.35,4.51,4.06,F
1,4,5,9,34.54,33.23,0,0,4.97,31.14,30.28,1.08,4.4,5.74,F
0,7,7,14,38.56,43.02,3,4,4.81,25.38,28.6,2.74,4.94,4.59,F
1,5,5,10,39.64,34.78,0,0,4.8,32.01,32.01,1.85,4.56,5.37,F
1,4,4,8,34.79,35.49,0,0,4.78,26.96,25.38,0.25,5.09,0,F
1,5,2,7,33.28,38.37,0,3,4.77,25.38,26.96,0,4.72,0.97,F
1,4,5,9,33.29,33.48,1,1,4.74,34.69,33.79,2.23,4.45,5,F
1,7,6,13,34.78,33.34,1,2,4.53,25.38,23.84,0,4.91,0,F
1,4,4,8,34.85,34.93,3,3,4.52,29.43,29.43,1.04,5.09,0,F
1,3,4,7,35.63,33.34,2,0,4.51,37.49,35.61,3.12,4.25,7.92,F
1,4,3,7,35.57,33.36,2,3,4.43,22.35,27.77,0,4.45,5,F
1,5,4,9,37.14,33.38,0,0,4.38,32.89,32.01,1.65,4.72,0.95,F
0,4,4,8,45.54,38.76,4,1,4.18,23.09,23.84,1.19,5.04,3.4,F
1,4,5,9,37.17,34.95,1,0,4.16,33.79,27.77,2.42,4.62,4.59,F
1,3,4,7,37.73,33.43,2,1,4.16,32.01,27.77,1.36,4.7,1.22,F
1,7,1,8,38.39,33.45,1,1,4.05,22.35,26.16,0,4.38,5.97,F
1,2,6,8,42.87,35.08,2,1,3.64,30.28,27.77,1.31,4.75,3.05,F
1,2,4,6,37.22,33.59,1,0,3.49,21.62,34.69,2.23,5.01,0,F
1,4,4,8,-2,33.59,0,1,3.49,20.91,21.62,0,4.67,1.68,F
0,7,7,14,39.66,38.98,2,2,3.45,30.28,24.6,3.29,4.64,8.4,F
0,5,5,10,40.79,40.7,3,4,3.43,27.77,31.14,3.14,5.01,5.87,F
1,7,4,11,33.89,33.62,0,0,3.37,33.79,28.6,1.93,4.25,7.89,F
1,7,7,14,34.18,33.64,1,0,3.26,24.6,24.6,0,5.2,0,F
1,6,5,11,35.22,36.2,1,1,3.1,26.96,28.6,0.77,4.64,4.44,F
1,5,5,10,33.71,36.35,0,2,2.98,26.96,32.89,1.65,4.63,2.34,F
1,5,3,8,36.08,35.27,1,1,2.91,23.09,18.17,0,5.15,0,F
1,3,4,7,35.28,36.28,1,2,2.89,37.49,33.79,3.59,4.53,5.76,F
0,7,8,15,39.22,44.32,4,0,2.68,30.28,29.43,3.29,5.02,3.6,F
1,4,4,8,33.81,35.19,0,0,2.55,29.43,32.01,1.36,4.8,0,F
1,4,4,8,-2,35.49,0,2,2.06,35.61,34.69,3,4.17,10.01,F
1,3,6,9,36.8,33.95,2,0,1.97,32.89,26.96,1.65,4.62,2.4,F
1,5,3,8,41.16,34.04,1,0,1.6,22.35,22.35,0,5.55,0,F
1,3,3,6,35.74,34.04,1,1,1.59,26.16,29.43,0.53,4.67,1.68,F
1,5,5,10,35.84,34.05,2,1,1.53,32.01,29.43,1.36,4.35,6.5,F
1,5,2,7,-2,34.08,0,0,1.43,40.39,41.38,4.38,4.38,5.98,F
0,4,4,8,41.99,41.35,0,0,1.35,23.84,27.77,2.03,5.18,3.65,F
1,3,4,7,34.85,34.12,2,1,1.26,36.54,35.61,2.82,4.49,4.33,F
1,4,4,8,35.74,36.18,1,2,1.1,26.96,23.09,0.25,4.83,2.1,F
1,7,4,11,35.83,36.68,0,1,0.74,24.6,26.16,0,4.91,1.14,F
0,5,5,10,41.56,44.44,3,3,0.7,23.84,24.6,0.98,5.25,2.84,F
0,5,5,10,41.99,39.85,2,1,0.68,21.62,20.91,0.46,5.15,2.01,F
1,7,4,11,40.74,34.32,2,0,0.42,18.84,27.77,0,4.83,0,F
0,4,4,8,43.6,40,4,0,0.19,20.21,11.11,0,5.12,2.39,F
1,6,4,10,39.93,36.3,1,0,0,55.36,56.52,10,4.43,5.56,F
1,4,3,7,61.7,49.48,7,7,0,26.16,25.38,10,4.99,0,F
1,6,6,12,-2,-2,0,0,0,53.07,38.44,8.14,4.22,8.38,F
1,6,4,10,36.95,34.43,2,1,0,44.42,51.95,7.77,4.59,2.89,F
1,7,1,8,40.71,37.56,3,3,0,42.38,43.4,5.47,4.44,6.74,F
1,4,3,7,37.9,37.51,0,0,0,40.39,41.38,4.83,4.7,3.68,F
1,3,3,6,-2,43.58,0,4,0,39.41,41.38,4.38,4.59,2.87,F
1,7,4,11,34.85,34.7,1,1,0,33.79,40.39,4.06,4.35,6.46,F
1,3,4,7,42.37,39.44,3,3,0,39.41,31.14,3.74,4.83,0,F
1,4,4,8,40.18,38.19,4,3,0,37.49,26.96,3.59,4.83,2.12,F
1,6,4,10,34.56,36.08,1,4,0,38.44,37.49,3.43,4.38,5.98,F
0,3,3,6,45.35,43.85,1,3,0,28.6,25.38,2.74,4.83,6,F
1,4,4,8,37.69,35.78,0,0,0,35.61,26.16,2.52,4.33,6.71,F
1,4,8,12,35.4,36.04,0,0,0,35.61,33.79,2.52,4.86,0,F
1,7,7,14,38.22,35.03,1,0,0,34.69,32.89,2.23,4.78,0.01,F
1,5,5,10,38.87,36.94,1,0,0,26.96,32.89,2.13,4.91,1.2,F
1,4,3,7,-2,36.28,0,1,0,32.01,32.89,2.13,4.67,4.03,F
0,7,6,13,47.17,42.99,3,3,0,26.16,20.91,1.95,5.02,3.63,F
1,7,4,11,39.33,35,3,1,0,18.17,33.79,1.93,4.32,6.9,F
1,5,5,10,38.4,44.88,1,3,0,23.09,32.01,1.85,4.65,4.23,F
0,8,6,14,49.01,-2,3,0,0,26.96,25.38,1.76,5.83,0,F
0,5,5,10,41.78,45.12,3,0,0,24.6,26.96,1.76,5.3,2.18,F
1,4,7,11,37.4,34.53,3,3,0,32.89,32.89,1.65,4.14,9.57,F
1,6,3,9,37.9,34.95,2,1,0,32.89,26.16,1.65,4.61,2.63,F
1,6,3,9,36.73,36.67,0,0,0,32.89,23.84,1.65,4.4,5.74,F
1,5,4,9,39.2,36.19,0,2,0,31.14,28.6,1.58,4.7,3.63,F
0,2,8,10,40.45,40.21,3,3,0,23.09,24.6,1.44,5.2,1.37,F
0,4,7,11,47.46,40.1,3,0,0,24.6,23.84,1.44,4.96,4.38,F
1,6,5,11,38.18,39.46,1,1,0,30.28,29.43,1.31,5.2,0,F
0,2,5,7,46.9,42.3,4,3,0,20.91,25.38,1.24,5.2,3.46,F
1,5,5,10,47.03,42.97,7,3,0,31.14,34.69,1.1,4.71,0,F
1,3,5,8,-2,36.32,0,2,0,31.14,29.43,1.08,4.67,1.7,F
1,4,4,8,37.02,34.42,0,0,0,31.14,28.6,1.08,4.61,2.63,F
1,7,2,9,41.25,39.11,0,0,0,31.14,25.38,1.08,4.81,0,F
1,3,5,8,40.19,40.63,3,3,0,26.16,29.43,1.04,5,0.01,F
1,6,2,8,40.02,38.08,1,0,0,29.43,28.6,1.04,5.08,0,F
0,6,4,10,48.39,42.47,0,0,0,20.21,23.09,0.94,5.36,0,F
0,7,3,10,49.45,40.4,3,2,0,22.35,23.09,0.94,5.31,0,F
0,7,8,15,46.26,46.78,3,4,0,23.06,21.62,0.93,5.65,0,F
1,5,5,10,-2,36.68,0,3,0,17.52,30.28,0.81,4.83,0,F
0,5,1,6,48.15,47.13,6,5,0,21.62,22.35,0.7,5.23,1,F
1,6,7,13,37.64,35.34,2,1,0,26.96,29.43,0.53,4.69,1.43,F
1,3,6,9,46.19,38.72,5,1,0,27.77,24.6,0.51,5.01,0,F
1,4,3,7,43.3,37.43,2,2,0,19.52,27.77,0.51,5.12,0,F
1,7,8,15,34.49,37.18,1,3,0,28.6,28.6,0.26,4.8,0,F
1,5,5,10,36.8,35.09,1,0,0,26.16,28.6,0.26,4.36,6.22,F
1,5,4,9,42.43,37.27,4,2,0,28.6,26.16,0.26,4.81,0,F
1,5,3,8,37.21,36.62,0,0,0,23.09,26.96,0.25,5.05,0,F
1,4,3,7,-2,37.08,0,0,0,26.96,23.84,0.25,4.97,0.37,F
0,2,7,9,45.92,43.42,3,3,0,17.52,15.62,0,5.67,0,F
1,4,7,11,37.05,36.38,2,4,0,24.6,26.16,0,4.85,1.91,F
1,4,4,8,36.4,37.46,2,2,0,23.84,24.6,0,5.54,0,F
1,4,4,8,38.04,36.52,0,0,0,24.6,27.77,0,4.64,2.16,F
1,2,4,6,40.56,35.57,0,0,0,32.01,29.43,0,4.84,0,F
1,6,4,10,64.02,51.2,3,6,0,16.87,18.17,0,5.69,0,F
0,8,5,13,51.51,43,4,3,0,16.87,17.52,0,5.62,0,F
1,4,4,8,39.35,38.5,1,2,0,17.52,27.77,0,4.78,0.01,F
1,3,8,11,36.66,37.31,0,1,0,25.38,24.6,0,5.1,0,F
1,3,4,7,38.82,37.06,0,0,0,17.52,12.71,0,5.46,0,F
1,3,6,9,37.06,36.41,2,1,0,21.62,24.6,0,4.89,0,F
1,3,3,6,49.38,48.99,6,8,0,21.62,20.91,0,5.72,0,F
1,7,8,15,38.54,35.84,0,0,0,26.96,24.6,0,4.81,0,F
0,8,7,15,46.58,45.58,4,5,0,21.62,18.84,0,5.34,1.62,F
1,3,4,7,38.61,37.31,1,1,0,21.62,23.09,0,5.23,0,F
0,3,7,10,51.61,48.86,5,4,0,15.62,18.17,0,5.87,0,F
1,3,3,6,33.36,32.79,0,0,0,31.14,27.77,0,4.54,3.94,F
0,4,6,10,55.31,49.59,4,3,0,18.84,19.52,0,5.38,0,F
1,5,4,9,36.99,35.26,3,2,0,19.52,25.38,0,4.92,0,F
1,7,3,10,36.39,36.02,0,0,0,27.77,25.38,0,4.72,0.97,F
1,3,4,7,38.55,35.96,3,0,0,12.16,22.35,0,5.18,0,F
1,4,4,8,40.08,37,3,3,0,20.91,10.6,0,4.94,0,F
1,7,2,9,37.49,-2,2,0,0,17.52,18.17,0,5.86,0,F
0,7,8,15,44.41,40.41,3,1,0,16.24,15.62,0,5.31,0,F
1,2,5,7,42.21,41.5,3,2,0,20.91,23.09,0,5.46,0,F
1,5,5,10,36.78,34.95,0,0,0,24.6,25.38,0,5.15,0,F
1,4,4,8,-2,35.86,0,0,0,10.1,26.96,0,4.78,0,F
1,5,6,11,37.63,36.74,0,0,0,26.16,26.16,0,5.18,0,F
1,6,3,9,37.29,36.76,3,3,0,23.84,26.16,0,4.86,1.75,F
1,5,5,10,58.84,50.22,8,3,0,12.16,12.16,0,5.71,0,F
1,3,2,5,41.71,40.88,5,2,0,19.52,20.21,0,5.21,0,F
0,5,4,9,34.5,32.3,2,0,0,28.6,29.43,0,4.86,0,F
0,3,4,7,37,36.5,0,0,0,36.54,30.28,0,4.62,0,F
1,6,3,9,-2,61.57,0,8,0,24.6,26.16,0,5.54,0,F
1,7,8,15,42.43,39.77,3,3,0,26.16,20.91,0,5.39,0,F
0,5,6,11,48.01,45.15,3,4,0,19.52,21.62,0,5.65,0,F
0,8,3,11,44.62,43.51,3,3,0,17.52,18.17,0,6.11,0,F
0,4,5,9,46.43,43.46,4,2,0,16.24,18.84,0,5.33,0,F
1,2,5,7,41.82,36.02,1,0,0,10.1,18.17,0,5.02,0,F
0,4,5,9,42.08,40.06,3,3,0,10.6,20.21,0,5.22,1.18,F
1,7,3,10,39.17,37.56,2,2,0,27.77,18.17,0,5.04,0,F
1,6,6,12,43.28,37.59,1,0,0,19.52,20.91,0,5.14,0,F
